{"name":null,"assets":"aoy4:pathy34:assets%2Fdata%2Fdata-goes-here.txty4:sizezy4:typey4:TEXTy2:idR1y7:preloadtgoR0y29:assets%2Fimages%2Fapollon.pngR2i2682R3y5:IMAGER5R7R6tgoR0y24:assets%2Fimages%2Fbg.pngR2i294336R3R8R5R9R6tgoR0y30:assets%2Fimages%2Fbg_small.pngR2i76364R3R8R5R10R6tgoR0y30:assets%2Fimages%2Fblock_x1.pngR2i6966R3R8R5R11R6tgoR0y30:assets%2Fimages%2Fblock_x2.pngR2i8941R3R8R5R12R6tgoR0y30:assets%2Fimages%2Fblock_x3.pngR2i10697R3R8R5R13R6tgoR0y30:assets%2Fimages%2Fblock_x4.pngR2i12052R3R8R5R14R6tgoR0y27:assets%2Fimages%2Fhorse.pngR2i4481R3R8R5R15R6tgoR0y31:assets%2Fimages%2Fhorse_big.pngR2i8952R3R8R5R16R6tgoR0y36:assets%2Fimages%2Fimages-go-here.txtR2zR3R4R5R17R6tgoR0y26:assets%2Fimages%2Flogo.pngR2i5896R3R8R5R18R6tgoR0y30:assets%2Fimages%2Fobject_1.pngR2i3431R3R8R5R19R6tgoR0y30:assets%2Fimages%2Fobject_2.pngR2i3448R3R8R5R20R6tgoR0y30:assets%2Fimages%2Fobject_3.pngR2i3193R3R8R5R21R6tgoR0y30:assets%2Fimages%2Fobject_4.pngR2i2145R3R8R5R22R6tgoR0y30:assets%2Fimages%2Fobject_5.pngR2i3169R3R8R5R23R6tgoR0y33:assets%2Fimages%2Fplatform_x1.pngR2i2740R3R8R5R24R6tgoR0y33:assets%2Fimages%2Fplatform_x2.pngR2i3177R3R8R5R25R6tgoR0y33:assets%2Fimages%2Fplatform_x3.pngR2i3311R3R8R5R26R6tgoR0y33:assets%2Fimages%2Fplatform_x4.pngR2i3438R3R8R5R27R6tgoR0y28:assets%2Fimages%2FskyImg.pngR2i247881R3R8R5R28R6tgoR0y25:assets%2Fimages%2Fsun.pngR2i2121R3R8R5R29R6tgoR0y28:assets%2Fimages%2Ftemple.pngR2i4030R3R8R5R30R6tgoR0y35:assets%2Fimages%2Ftext_gameover.pngR2i5253R3R8R5R31R6tgoR0y32:assets%2Fimages%2Ftext_start.pngR2i3446R3R8R5R32R6tgoR0y36:assets%2Fmusic%2Fmusic-goes-here.txtR2zR3R4R5R33R6tgoR0y36:assets%2Fsounds%2Fsounds-go-here.txtR2zR3R4R5R34R6tgoR2i2114R3y5:MUSICR5y26:flixel%2Fsounds%2Fbeep.mp3y9:pathGroupaR36y26:flixel%2Fsounds%2Fbeep.ogghR6tgoR2i39706R3R35R5y28:flixel%2Fsounds%2Fflixel.mp3R37aR39y28:flixel%2Fsounds%2Fflixel.ogghR6tgoR2i5794R3y5:SOUNDR5R38R37aR36R38hgoR2i33629R3R41R5R40R37aR39R40hgoR2i15744R3y4:FONTy9:classNamey35:__ASSET__flixel_fonts_nokiafc22_ttfR5y30:flixel%2Ffonts%2Fnokiafc22.ttfR6tgoR2i29724R3R42R43y36:__ASSET__flixel_fonts_monsterrat_ttfR5y31:flixel%2Ffonts%2Fmonsterrat.ttfR6tgoR0y33:flixel%2Fimages%2Fui%2Fbutton.pngR2i519R3R8R5R48R6tgoR0y36:flixel%2Fimages%2Flogo%2Fdefault.pngR2i3280R3R8R5R49R6tgh","rootPath":null,"version":2,"libraryArgs":[],"libraryType":null}